
    {
        "namesemp":["Noah#", "Liam#", "Mason#", "Jacob#"],
        "name":"ABC",
        "agentname": "DEF",
        "designation":"GHI",
        "receiverdata":"Thank you for your time just now.As agreed I have booked you in for a web meeting with my CEO Luke Mullins on DATE at TIME.The meeting should last no more than 30 minutes. In the meeting Luke will provide you with a better understanding of Livd and how we help companies like yours to break the stigma of mental health in the workplace.You should have received a calendar invite to confirm the date and time, if you have any questions prior to the meeting or need to adjust the time or date then please pop me an email and I will respond and confirm any changes.We look forward to speaking to you again.<p>All the best</p>",
        "sendername":"rajesh"
    }
    


 
