[
  {
    "productId": 1,
    "productName": "Brinjal",
    "productCode": "GDN-0011",
    "releaseDate": "March 19, 2019",
    "description": "Leaf rake with 48-inch wooden handle.",
    "price": 19.95,
    "starRating": 3.2,
    "imageUrl": "assets/images/leaf_rake.png"
  },
  {
    "productId": 2,
    "productName": "Cauliflower",
    "productCode": "GDN-0023",
    "releaseDate": "March 18, 2019",
    "description": "15 gallon capacity rolling garden cart",
    "price": 32.99,
    "starRating": 4.2,
    "imageUrl": "assets/images/garden_cart.png"
  },
  {
    "productId": 3,
    "productName": "Cauliflower",
    "productCode": "GDN-0023",
    "releaseDate": "March 18, 2019",
    "description": "15 gallon capacity rolling garden cart",
    "price": 32.99,
    "starRating": 4.2,
    "imageUrl": "assets/images/garden_cart.png"
  },
  {
    "productId": 4,
    "productName": "Cauliflower",
    "productCode": "GDN-0023",
    "releaseDate": "March 18, 2019",
    "description": "15 gallon capacity rolling garden cart",
    "price": 32.99,
    "starRating": 4.2,
    "imageUrl": "assets/images/garden_cart.png"
  },
  {
    "productId": 5,
    "productName": "Cauliflower",
    "productCode": "GDN-0023",
    "releaseDate": "March 18, 2019",
    "description": "15 gallon capacity rolling garden cart",
    "price": 32.99,
    "starRating": 4.2,
    "imageUrl": "assets/images/garden_cart.png"
  },
  {
    "productId": 6,
    "productName": "Cucumber",
    "productCode": "TBX-0048",
    "releaseDate": "May 21, 2019",
    "description": "Curved claw steel hammer",
    "price": 8.9,
    "starRating": 4.8,
    "imageUrl": "assets/images/hammer.png"
  },
  {
    "productId": 7,
    "productName": "Guargum",
    "productCode": "TBX-0022",
    "releaseDate": "May 15, 2019",
    "description": "15-inch steel blade hand saw",
    "price": 11.55,
    "starRating": 3.7,
    "imageUrl": "assets/images/saw.png"
  },
  {
    "productId": 8,
    "productName": "Carrot",
    "productCode": "GMG-0042",
    "releaseDate": "October 15, 2018",
    "description": "Standard two-button video game controller",
    "price": 35.95,
    "starRating": 4.6,
    "imageUrl": "assets/images/xbox-controller.png"
  },
  {
    "productId": 9,
    "productName": "Guargum",
    "productCode": "TBX-0022",
    "releaseDate": "May 15, 2019",
    "description": "15-inch steel blade hand saw",
    "price": 11.55,
    "starRating": 3.7,
    "imageUrl": "assets/images/saw.png"
  },
  {
    "productId": 10,
    "productName": "Guargum",
    "productCode": "TBX-0022",
    "releaseDate": "May 15, 2019",
    "description": "15-inch steel blade hand saw",
    "price": 11.55,
    "starRating": 3.7,
    "imageUrl": "assets/images/saw.png"
  }
]
